[{"_id":"par01estid001","nombre":"Alison","apellido":"Gonzalez","altura":1.7,"cursos":[{"nombre":"Matemáticas II","nota":0.6},{"nombre":"Sociales III","nota":5.1},{"nombre":"Química I","nota":4.8},{"nombre":"Castellano III","nota":4.8},{"nombre":"Química II","nota":0.8},{"nombre":"Historia III","nota":1.5},{"nombre":"Sociales III","nota":1.3}]},{"_id":"par01estid002","nombre":"Luis","apellido":"Fernandez","altura":1.6,"cursos":[{"nombre":"Química I","nota":3.8},{"nombre":"Castellano III","nota":0.5},{"nombre":"Fisica I","nota":2.9},{"nombre":"Fisica I","nota":1.9},{"nombre":"Sociales III","nota":1.7}]},{"_id":"par01estid003","nombre":"Nicolas","apellido":"Martinez","altura":1.8,"cursos":[{"nombre":"Química I","nota":4.5},{"nombre":"Inglés III","nota":1.4},{"nombre":"Química I","nota":0},{"nombre":"Fisica II","nota":4.2},{"nombre":"Castellano III","nota":3.8},{"nombre":"Fisica II","nota":4.2}]},{"_id":"par01estid004","nombre":"Veronica","apellido":"Ramirez","altura":1.5,"cursos":[{"nombre":"Inglés II","nota":0.6},{"nombre":"Ciencia III","nota":6.2},{"nombre":"Matemáticas III","nota":5.3},{"nombre":"Castellano III","nota":4.1},{"nombre":"Castellano II","nota":3.7},{"nombre":"Química III","nota":3}]},{"_id":"par01estid005","nombre":"Alberto","apellido":"Hernandez","altura":1.7,"cursos":[{"nombre":"Matemáticas III","nota":4.6},{"nombre":"Fisica III","nota":5.3},{"nombre":"Historia I","nota":1.7},{"nombre":"Fisica III","nota":6.2}]},{"_id":"par01estid006","nombre":"Alberto","apellido":"Gonzalez","altura":1.8,"cursos":[{"nombre":"Ciencia I","nota":4.3},{"nombre":"Ciencia III","nota":0.7},{"nombre":"Historia III","nota":4},{"nombre":"Química II","nota":5.1},{"nombre":"Inglés II","nota":3.3},{"nombre":"Fisica III","nota":4.7}]},{"_id":"par01estid007","nombre":"Luis","apellido":"Martinez","altura":1.9,"cursos":[{"nombre":"Historia III","nota":6.1},{"nombre":"Ciencia II","nota":2.7},{"nombre":"Castellano III","nota":4.4},{"nombre":"Inglés I","nota":4.1},{"nombre":"Química I","nota":5.2},{"nombre":"Fisica II","nota":4.1}]},{"_id":"par01estid008","nombre":"Veronica","apellido":"Ramirez","altura":1.6,"cursos":[{"nombre":"Matemáticas III","nota":5.1},{"nombre":"Historia I","nota":2.4},{"nombre":"Fisica II","nota":0.4},{"nombre":"Fisica I","nota":1.7},{"nombre":"Química I","nota":5.7}]},{"_id":"par01estid009","nombre":"Luis","apellido":"Gomez","altura":1.8,"cursos":[{"nombre":"Castellano II","nota":0.5},{"nombre":"Sociales III","nota":4.1},{"nombre":"Sociales III","nota":2.9},{"nombre":"Historia II","nota":4.4},{"nombre":"Fisica I","nota":6.1},{"nombre":"Ciencia II","nota":1.5}]},{"_id":"par01estid010","nombre":"Daniel","apellido":"Rodriguez","altura":1.5,"cursos":[{"nombre":"Matemáticas II","nota":0.5},{"nombre":"Química III","nota":4.2},{"nombre":"Sociales II","nota":6.1},{"nombre":"Inglés I","nota":4.3},{"nombre":"Fisica I","nota":2.2},{"nombre":"Castellano II","nota":0.8},{"nombre":"Química II","nota":0.7}]},{"_id":"par01estid011","nombre":"Francisco","apellido":"Ramirez","altura":1.6,"cursos":[{"nombre":"Castellano II","nota":3.6},{"nombre":"Matemáticas I","nota":6.1},{"nombre":"Historia II","nota":5.2},{"nombre":"Fisica II","nota":0.7},{"nombre":"Matemáticas III","nota":5.8}]},{"_id":"par01estid012","nombre":"Alejanda","apellido":"Martinez","altura":1.8,"cursos":[{"nombre":"Sociales III","nota":3.6},{"nombre":"Ciencia III","nota":1.5},{"nombre":"Matemáticas I","nota":3.5},{"nombre":"Castellano II","nota":0.7}]},{"_id":"par01estid013","nombre":"Mariana","apellido":"Martinez","altura":1.6,"cursos":[{"nombre":"Sociales II","nota":2},{"nombre":"Inglés III","nota":3.5},{"nombre":"Matemáticas II","nota":2},{"nombre":"Fisica II","nota":2.3},{"nombre":"Fisica I","nota":5.3},{"nombre":"Química III","nota":2.3},{"nombre":"Química II","nota":3.3}]},{"_id":"par01estid014","nombre":"Daniel","apellido":"Rodriguez","altura":1.7,"cursos":[{"nombre":"Sociales I","nota":6},{"nombre":"Sociales III","nota":3.6},{"nombre":"Castellano II","nota":3.2},{"nombre":"Sociales II","nota":1.5},{"nombre":"Inglés I","nota":0.2}]},{"_id":"par01estid015","nombre":"María","apellido":"Martinez","altura":1.4,"cursos":[{"nombre":"Inglés II","nota":3.9},{"nombre":"Castellano I","nota":0.3},{"nombre":"Castellano I","nota":0.8},{"nombre":"Ciencia I","nota":4.6},{"nombre":"Matemáticas III","nota":1.9},{"nombre":"Ciencia III","nota":2.6}]},{"_id":"par01estid016","nombre":"Veronica","apellido":"Lopez","altura":1.9,"cursos":[{"nombre":"Castellano III","nota":0.9},{"nombre":"Matemáticas I","nota":4.7},{"nombre":"Sociales II","nota":5.4},{"nombre":"Castellano I","nota":4.4},{"nombre":"Inglés II","nota":1.3},{"nombre":"Matemáticas II","nota":4.8},{"nombre":"Fisica I","nota":1.4}]},{"_id":"par01estid017","nombre":"Francisco","apellido":"Ramirez","altura":1.5,"cursos":[{"nombre":"Castellano I","nota":4.3},{"nombre":"Historia I","nota":6},{"nombre":"Fisica II","nota":3}]},{"_id":"par01estid018","nombre":"Veronica","apellido":"Martinez","altura":1.9,"cursos":[{"nombre":"Ciencia II","nota":3.6},{"nombre":"Historia III","nota":5},{"nombre":"Castellano III","nota":5.9},{"nombre":"Química III","nota":0.1},{"nombre":"Fisica III","nota":3.2},{"nombre":"Historia I","nota":1.2},{"nombre":"Castellano II","nota":4.9}]},{"_id":"par01estid019","nombre":"Cristian","apellido":"Martinez","altura":1.7,"cursos":[{"nombre":"Castellano I","nota":2.4},{"nombre":"Fisica III","nota":3.3},{"nombre":"Química III","nota":5.3},{"nombre":"Inglés II","nota":5.2}]},{"_id":"par01estid020","nombre":"Daniel","apellido":"Martinez","altura":1.4,"cursos":[{"nombre":"Castellano II","nota":4.1},{"nombre":"Química II","nota":3},{"nombre":"Ciencia I","nota":3.3},{"nombre":"Ciencia III","nota":5.3}]},{"_id":"par01estid021","nombre":"Daniel","apellido":"Rodriguez","altura":1.5,"cursos":[{"nombre":"Castellano II","nota":5.9},{"nombre":"Inglés II","nota":2.5},{"nombre":"Historia II","nota":4.7},{"nombre":"Fisica I","nota":2},{"nombre":"Inglés I","nota":1.1},{"nombre":"Matemáticas I","nota":4.7}]},{"_id":"par01estid022","nombre":"Juan","apellido":"Hernandez","altura":1.9,"cursos":[{"nombre":"Inglés II","nota":2.5},{"nombre":"Sociales III","nota":2.2},{"nombre":"Historia I","nota":3.5}]},{"_id":"par01estid023","nombre":"Veronica","apellido":"Hernandez","altura":1.5,"cursos":[{"nombre":"Ciencia III","nota":2.9},{"nombre":"Ciencia I","nota":2.6},{"nombre":"Matemáticas II","nota":1.6},{"nombre":"Matemáticas II","nota":0.1},{"nombre":"Fisica II","nota":2.8}]},{"_id":"par01estid024","nombre":"Veronica","apellido":"Fernandez","altura":1.6,"cursos":[{"nombre":"Fisica III","nota":2.2},{"nombre":"Química III","nota":1.1},{"nombre":"Fisica I","nota":4.9}]},{"_id":"par01estid025","nombre":"Daniel","apellido":"Fernandez","altura":1.8,"cursos":[{"nombre":"Inglés I","nota":5.2},{"nombre":"Castellano II","nota":5.8},{"nombre":"Historia III","nota":5.8},{"nombre":"Fisica III","nota":3},{"nombre":"Historia II","nota":0.1},{"nombre":"Fisica I","nota":3},{"nombre":"Inglés I","nota":0}]},{"_id":"par01estid026","nombre":"Luis","apellido":"Gonzalez","altura":1.8,"cursos":[{"nombre":"Historia III","nota":1.5},{"nombre":"Inglés I","nota":4.6},{"nombre":"Inglés I","nota":1.8},{"nombre":"Inglés III","nota":4.2},{"nombre":"Castellano I","nota":0.7},{"nombre":"Ciencia II","nota":3.1}]},{"_id":"par01estid027","nombre":"Mariana","apellido":"Gomez","altura":1.7,"cursos":[{"nombre":"Fisica II","nota":3.7},{"nombre":"Fisica III","nota":0},{"nombre":"Matemáticas III","nota":1.8},{"nombre":"Sociales I","nota":2.8}]},{"_id":"par01estid028","nombre":"Juan","apellido":"Lopez","altura":1.5,"cursos":[{"nombre":"Inglés II","nota":1.8},{"nombre":"Inglés III","nota":1.4},{"nombre":"Castellano II","nota":1.8},{"nombre":"Inglés II","nota":4.8}]},{"_id":"par01estid029","nombre":"Nicolas","apellido":"Martinez","altura":1.8,"cursos":[{"nombre":"Historia II","nota":1.9},{"nombre":"Inglés I","nota":1},{"nombre":"Castellano II","nota":3.3},{"nombre":"Ciencia II","nota":2.8},{"nombre":"Sociales II","nota":0.2}]},{"_id":"par01estid030","nombre":"María","apellido":"Gonzalez","altura":1.8,"cursos":[{"nombre":"Inglés III","nota":3.1},{"nombre":"Inglés I","nota":4.9},{"nombre":"Ciencia I","nota":0.1}]},{"_id":"par01estid031","nombre":"Cristian","apellido":"Lopez","altura":1.8,"cursos":[{"nombre":"Fisica II","nota":3.3},{"nombre":"Inglés I","nota":3.5},{"nombre":"Química I","nota":1.5},{"nombre":"Ciencia I","nota":2.6},{"nombre":"Fisica III","nota":1.8}]},{"_id":"par01estid032","nombre":"Juan","apellido":"Fernandez","altura":1.5,"cursos":[{"nombre":"Inglés I","nota":4.7},{"nombre":"Inglés I","nota":6.1},{"nombre":"Química II","nota":4.1},{"nombre":"Fisica I","nota":5.7},{"nombre":"Fisica II","nota":0.9}]},{"_id":"par01estid033","nombre":"Luis","apellido":"Martinez","altura":1.9,"cursos":[{"nombre":"Inglés I","nota":5.2},{"nombre":"Inglés I","nota":1.5},{"nombre":"Sociales I","nota":4.1}]},{"_id":"par01estid034","nombre":"Cristian","apellido":"Fernandez","altura":1.6,"cursos":[{"nombre":"Historia I","nota":4.5},{"nombre":"Inglés I","nota":3},{"nombre":"Matemáticas III","nota":3.3},{"nombre":"Historia I","nota":0.9},{"nombre":"Fisica I","nota":5.4}]},{"_id":"par01estid035","nombre":"Nicolas","apellido":"Gonzalez","altura":1.7,"cursos":[{"nombre":"Sociales I","nota":3.3},{"nombre":"Historia III","nota":1.2},{"nombre":"Sociales I","nota":3.2},{"nombre":"Fisica III","nota":4.9},{"nombre":"Castellano III","nota":4.8},{"nombre":"Química II","nota":0.1},{"nombre":"Historia II","nota":3.9}]},{"_id":"par01estid036","nombre":"Veronica","apellido":"Fernandez","altura":1.9,"cursos":[{"nombre":"Inglés II","nota":2.4},{"nombre":"Matemáticas I","nota":2},{"nombre":"Sociales II","nota":4.7}]},{"_id":"par01estid037","nombre":"Mariana","apellido":"Lopez","altura":1.7,"cursos":[{"nombre":"Inglés II","nota":6},{"nombre":"Ciencia II","nota":0.9},{"nombre":"Inglés I","nota":1.2},{"nombre":"Castellano I","nota":2.4},{"nombre":"Sociales III","nota":0.1},{"nombre":"Historia I","nota":5.8}]},{"_id":"par01estid038","nombre":"Juan","apellido":"Martinez","altura":1.6,"cursos":[{"nombre":"Ciencia III","nota":5.7},{"nombre":"Castellano I","nota":0.5},{"nombre":"Matemáticas II","nota":5.1},{"nombre":"Sociales I","nota":5.8},{"nombre":"Fisica I","nota":1.5}]},{"_id":"par01estid039","nombre":"Juan","apellido":"Gomez","altura":1.5,"cursos":[{"nombre":"Matemáticas III","nota":4},{"nombre":"Matemáticas III","nota":5.3},{"nombre":"Sociales I","nota":0},{"nombre":"Ciencia II","nota":0.7}]},{"_id":"par01estid040","nombre":"Mariana","apellido":"Gonzalez","altura":1.6,"cursos":[{"nombre":"Fisica I","nota":2.2},{"nombre":"Inglés II","nota":3.6},{"nombre":"Historia III","nota":4.8},{"nombre":"Ciencia I","nota":5.6},{"nombre":"Inglés I","nota":6}]},{"_id":"par01estid041","nombre":"Cristian","apellido":"Gonzalez","altura":1.5,"cursos":[{"nombre":"Sociales III","nota":0.5},{"nombre":"Inglés II","nota":3.8},{"nombre":"Química III","nota":4.4},{"nombre":"Ciencia II","nota":5.1},{"nombre":"Química III","nota":5.2}]},{"_id":"par01estid042","nombre":"Alberto","apellido":"Martinez","altura":1.7,"cursos":[{"nombre":"Matemáticas I","nota":1.5},{"nombre":"Fisica I","nota":5.5},{"nombre":"Inglés II","nota":0.9},{"nombre":"Castellano I","nota":2.8},{"nombre":"Historia III","nota":0},{"nombre":"Fisica II","nota":1.7},{"nombre":"Inglés II","nota":3.8}]},{"_id":"par01estid043","nombre":"Alison","apellido":"Ramirez","altura":1.5,"cursos":[{"nombre":"Fisica II","nota":0},{"nombre":"Fisica III","nota":5.1},{"nombre":"Fisica II","nota":3.8},{"nombre":"Fisica II","nota":5.6},{"nombre":"Matemáticas III","nota":3.3},{"nombre":"Química III","nota":4.5},{"nombre":"Ciencia I","nota":3.2}]},{"_id":"par01estid044","nombre":"Luis","apellido":"Lopez","altura":1.7,"cursos":[{"nombre":"Química III","nota":1.7},{"nombre":"Castellano II","nota":1.7},{"nombre":"Castellano III","nota":1.1},{"nombre":"Castellano III","nota":2}]},{"_id":"par01estid045","nombre":"Alejanda","apellido":"Martinez","altura":1.6,"cursos":[{"nombre":"Inglés III","nota":5.5},{"nombre":"Fisica I","nota":0.9},{"nombre":"Inglés II","nota":0.1},{"nombre":"Ciencia II","nota":0.6},{"nombre":"Castellano II","nota":5},{"nombre":"Química I","nota":1.5}]},{"_id":"par01estid046","nombre":"Juan","apellido":"Rodriguez","altura":1.5,"cursos":[{"nombre":"Ciencia III","nota":5.2},{"nombre":"Matemáticas III","nota":3},{"nombre":"Sociales II","nota":5.5},{"nombre":"Matemáticas I","nota":4.2},{"nombre":"Química III","nota":2.6},{"nombre":"Matemáticas II","nota":5.3}]},{"_id":"par01estid047","nombre":"Luis","apellido":"Gonzalez","altura":1.6,"cursos":[{"nombre":"Matemáticas II","nota":4.6},{"nombre":"Matemáticas III","nota":3.6},{"nombre":"Ciencia II","nota":2},{"nombre":"Química I","nota":3.3},{"nombre":"Ciencia I","nota":5.3},{"nombre":"Inglés III","nota":1.1}]},{"_id":"par01estid048","nombre":"Alison","apellido":"Gonzalez","altura":1.6,"cursos":[{"nombre":"Química III","nota":5},{"nombre":"Química I","nota":3.2},{"nombre":"Fisica II","nota":1.6}]},{"_id":"par01estid049","nombre":"Alison","apellido":"Gonzalez","altura":1.6,"cursos":[{"nombre":"Inglés II","nota":5.9},{"nombre":"Matemáticas III","nota":1},{"nombre":"Matemáticas III","nota":2.9},{"nombre":"Química II","nota":4.8},{"nombre":"Sociales III","nota":4.4},{"nombre":"Matemáticas I","nota":1.7}]},{"_id":"par01estid050","nombre":"Alison","apellido":"Fernandez","altura":1.5,"cursos":[{"nombre":"Matemáticas III","nota":4.2},{"nombre":"Sociales II","nota":2.1},{"nombre":"Química III","nota":1.4},{"nombre":"Ciencia III","nota":5},{"nombre":"Ciencia I","nota":4.2},{"nombre":"Fisica III","nota":3.7},{"nombre":"Sociales II","nota":2.2}]},{"_id":"par01estid051","nombre":"Daniel","apellido":"Hernandez","altura":1.5,"cursos":[{"nombre":"Ciencia II","nota":4.7},{"nombre":"Fisica II","nota":4.4},{"nombre":"Castellano III","nota":6.2},{"nombre":"Ciencia II","nota":0.7},{"nombre":"Fisica I","nota":0.1},{"nombre":"Historia III","nota":1.4}]},{"_id":"par01estid052","nombre":"Alejanda","apellido":"Rodriguez","altura":1.7,"cursos":[{"nombre":"Matemáticas III","nota":2.1},{"nombre":"Sociales II","nota":0.5},{"nombre":"Química II","nota":0.3},{"nombre":"Matemáticas I","nota":0.3},{"nombre":"Historia I","nota":6},{"nombre":"Matemáticas I","nota":3.1}]},{"_id":"par01estid053","nombre":"María","apellido":"Lopez","altura":1.5,"cursos":[{"nombre":"Matemáticas III","nota":3.5},{"nombre":"Química III","nota":5.6},{"nombre":"Historia I","nota":1.9},{"nombre":"Inglés III","nota":2.8},{"nombre":"Inglés II","nota":4.5},{"nombre":"Química II","nota":2.8},{"nombre":"Química II","nota":5.3}]},{"_id":"par01estid054","nombre":"Juan","apellido":"Gonzalez","altura":1.4,"cursos":[{"nombre":"Historia I","nota":2.2},{"nombre":"Sociales I","nota":4.5},{"nombre":"Fisica III","nota":5.1},{"nombre":"Castellano III","nota":4.5},{"nombre":"Inglés II","nota":1.6},{"nombre":"Inglés I","nota":4.8}]},{"_id":"par01estid055","nombre":"Daniel","apellido":"Hernandez","altura":1.8,"cursos":[{"nombre":"Inglés II","nota":2.4},{"nombre":"Historia II","nota":5.3},{"nombre":"Química I","nota":0.1}]},{"_id":"par01estid056","nombre":"Juan","apellido":"Fernandez","altura":1.5,"cursos":[{"nombre":"Química III","nota":0},{"nombre":"Sociales I","nota":5.2},{"nombre":"Matemáticas III","nota":4.9},{"nombre":"Química III","nota":5.4},{"nombre":"Matemáticas III","nota":1.5},{"nombre":"Sociales II","nota":5},{"nombre":"Fisica I","nota":5.6}]},{"_id":"par01estid057","nombre":"Alison","apellido":"Gonzalez","altura":1.8,"cursos":[{"nombre":"Ciencia I","nota":3.9},{"nombre":"Fisica I","nota":2.9},{"nombre":"Historia III","nota":4.4},{"nombre":"Fisica I","nota":4},{"nombre":"Química III","nota":0},{"nombre":"Ciencia II","nota":5.2}]},{"_id":"par01estid058","nombre":"Alejanda","apellido":"Gomez","altura":1.8,"cursos":[{"nombre":"Historia I","nota":3.3},{"nombre":"Matemáticas II","nota":1},{"nombre":"Sociales II","nota":2.5},{"nombre":"Inglés I","nota":5.3},{"nombre":"Inglés III","nota":4},{"nombre":"Ciencia I","nota":4}]},{"_id":"par01estid059","nombre":"Nicolas","apellido":"Ramirez","altura":1.7,"cursos":[{"nombre":"Fisica I","nota":6.1},{"nombre":"Castellano III","nota":4.4},{"nombre":"Inglés I","nota":0.6},{"nombre":"Química II","nota":1.4},{"nombre":"Inglés III","nota":1.1},{"nombre":"Sociales I","nota":2.2},{"nombre":"Matemáticas I","nota":3.9}]},{"_id":"par01estid060","nombre":"Veronica","apellido":"Hernandez","altura":1.9,"cursos":[{"nombre":"Historia III","nota":1.4},{"nombre":"Inglés II","nota":1.1},{"nombre":"Sociales III","nota":4.3}]},{"_id":"par01estid061","nombre":"Alejanda","apellido":"Hernandez","altura":1.5,"cursos":[{"nombre":"Sociales III","nota":4.4},{"nombre":"Sociales III","nota":0.9},{"nombre":"Matemáticas II","nota":5.7},{"nombre":"Castellano I","nota":5.7},{"nombre":"Ciencia II","nota":1.7}]},{"_id":"par01estid062","nombre":"Luis","apellido":"Gonzalez","altura":1.8,"cursos":[{"nombre":"Castellano I","nota":2.2},{"nombre":"Fisica III","nota":1.4},{"nombre":"Fisica III","nota":2},{"nombre":"Historia I","nota":4.2},{"nombre":"Inglés III","nota":4.2}]},{"_id":"par01estid063","nombre":"Juan","apellido":"Lopez","altura":1.5,"cursos":[{"nombre":"Matemáticas II","nota":3.1},{"nombre":"Matemáticas III","nota":4.7},{"nombre":"Castellano I","nota":4.8},{"nombre":"Ciencia III","nota":3.5},{"nombre":"Matemáticas III","nota":0.3}]},{"_id":"par01estid064","nombre":"Cristian","apellido":"Gomez","altura":1.7,"cursos":[{"nombre":"Inglés III","nota":2.3},{"nombre":"Inglés II","nota":1.2},{"nombre":"Ciencia II","nota":4.1}]},{"_id":"par01estid065","nombre":"Cristian","apellido":"Lopez","altura":1.8,"cursos":[{"nombre":"Sociales III","nota":4.4},{"nombre":"Fisica III","nota":4},{"nombre":"Matemáticas I","nota":3.4},{"nombre":"Historia III","nota":4.1}]},{"_id":"par01estid066","nombre":"Alejanda","apellido":"Lopez","altura":1.9,"cursos":[{"nombre":"Inglés I","nota":1.3},{"nombre":"Matemáticas II","nota":0.9},{"nombre":"Historia I","nota":5.9},{"nombre":"Química I","nota":2.8},{"nombre":"Castellano II","nota":2}]},{"_id":"par01estid067","nombre":"Luis","apellido":"Martinez","altura":1.7,"cursos":[{"nombre":"Fisica II","nota":5.6},{"nombre":"Historia III","nota":4.4},{"nombre":"Ciencia I","nota":2.9},{"nombre":"Química III","nota":0.8},{"nombre":"Castellano III","nota":0.7},{"nombre":"Sociales I","nota":5.7}]},{"_id":"par01estid068","nombre":"Daniel","apellido":"Gomez","altura":1.6,"cursos":[{"nombre":"Sociales III","nota":3},{"nombre":"Sociales I","nota":0.8},{"nombre":"Matemáticas II","nota":2.7},{"nombre":"Historia III","nota":5.4}]},{"_id":"par01estid069","nombre":"Cristian","apellido":"Gomez","altura":1.6,"cursos":[{"nombre":"Sociales I","nota":2.5},{"nombre":"Castellano I","nota":2.9},{"nombre":"Sociales III","nota":6.1},{"nombre":"Inglés III","nota":2.4}]},{"_id":"par01estid070","nombre":"María","apellido":"Gonzalez","altura":1.5,"cursos":[{"nombre":"Fisica II","nota":3.1},{"nombre":"Matemáticas I","nota":2.9},{"nombre":"Fisica I","nota":3.9}]},{"_id":"par01estid071","nombre":"Cristian","apellido":"Fernandez","altura":1.5,"cursos":[{"nombre":"Inglés III","nota":2.2},{"nombre":"Castellano III","nota":3.1},{"nombre":"Historia III","nota":1.9},{"nombre":"Sociales III","nota":3.4},{"nombre":"Química II","nota":0.5}]},{"_id":"par01estid072","nombre":"Alison","apellido":"Fernandez","altura":1.8,"cursos":[{"nombre":"Inglés I","nota":4.7},{"nombre":"Historia III","nota":5.7},{"nombre":"Matemáticas I","nota":4.4}]},{"_id":"par01estid073","nombre":"Francisco","apellido":"Rodriguez","altura":1.7,"cursos":[{"nombre":"Ciencia III","nota":1.6},{"nombre":"Matemáticas I","nota":4.6},{"nombre":"Castellano III","nota":1}]},{"_id":"par01estid074","nombre":"Nicolas","apellido":"Gomez","altura":1.7,"cursos":[{"nombre":"Inglés III","nota":1.5},{"nombre":"Sociales I","nota":4.1},{"nombre":"Historia II","nota":3},{"nombre":"Historia II","nota":1.7},{"nombre":"Castellano III","nota":1.8},{"nombre":"Ciencia III","nota":2},{"nombre":"Fisica III","nota":1}]},{"_id":"par01estid075","nombre":"Juan","apellido":"Gomez","altura":1.4,"cursos":[{"nombre":"Matemáticas III","nota":2.2},{"nombre":"Química II","nota":4.5},{"nombre":"Sociales III","nota":3},{"nombre":"Sociales I","nota":5.9},{"nombre":"Ciencia I","nota":5.2},{"nombre":"Castellano III","nota":4.3},{"nombre":"Castellano III","nota":5.6}]},{"_id":"par01estid076","nombre":"Francisco","apellido":"Gonzalez","altura":1.9,"cursos":[{"nombre":"Sociales III","nota":0.7},{"nombre":"Inglés I","nota":1.7},{"nombre":"Ciencia III","nota":5},{"nombre":"Fisica I","nota":6.1}]},{"_id":"par01estid077","nombre":"Daniel","apellido":"Rodriguez","altura":1.8,"cursos":[{"nombre":"Inglés II","nota":1.9},{"nombre":"Historia III","nota":4.3},{"nombre":"Matemáticas III","nota":4.3},{"nombre":"Inglés II","nota":4.4}]},{"_id":"par01estid078","nombre":"Alison","apellido":"Lopez","altura":1.8,"cursos":[{"nombre":"Historia II","nota":3.4},{"nombre":"Sociales II","nota":1.3},{"nombre":"Matemáticas III","nota":2.2},{"nombre":"Inglés III","nota":3.3},{"nombre":"Química I","nota":2.8},{"nombre":"Historia II","nota":5.3},{"nombre":"Sociales III","nota":1.9}]},{"_id":"par01estid079","nombre":"Alberto","apellido":"Gomez","altura":1.5,"cursos":[{"nombre":"Historia II","nota":1.9},{"nombre":"Castellano III","nota":2},{"nombre":"Inglés II","nota":2.9},{"nombre":"Historia II","nota":4},{"nombre":"Matemáticas III","nota":5.6},{"nombre":"Matemáticas I","nota":0.4},{"nombre":"Historia I","nota":3.1}]},{"_id":"par01estid080","nombre":"Daniel","apellido":"Hernandez","altura":1.4,"cursos":[{"nombre":"Matemáticas II","nota":4.5},{"nombre":"Inglés I","nota":5.3},{"nombre":"Química I","nota":3.8}]},{"_id":"par01estid081","nombre":"Mariana","apellido":"Rodriguez","altura":1.8,"cursos":[{"nombre":"Ciencia II","nota":1.8},{"nombre":"Química III","nota":4.8},{"nombre":"Castellano I","nota":3.2},{"nombre":"Castellano I","nota":2.5},{"nombre":"Química III","nota":5.4},{"nombre":"Ciencia II","nota":4.4},{"nombre":"Sociales II","nota":3}]},{"_id":"par01estid082","nombre":"Alejanda","apellido":"Lopez","altura":1.9,"cursos":[{"nombre":"Sociales II","nota":1.4},{"nombre":"Historia III","nota":5.5},{"nombre":"Química I","nota":4.6},{"nombre":"Inglés II","nota":4.7}]},{"_id":"par01estid083","nombre":"Daniel","apellido":"Rodriguez","altura":1.5,"cursos":[{"nombre":"Sociales II","nota":2.6},{"nombre":"Inglés I","nota":1.1},{"nombre":"Inglés III","nota":3.1},{"nombre":"Ciencia III","nota":2.7},{"nombre":"Fisica III","nota":3.4},{"nombre":"Química I","nota":4.6}]},{"_id":"par01estid084","nombre":"Alejanda","apellido":"Ramirez","altura":1.5,"cursos":[{"nombre":"Fisica III","nota":3.9},{"nombre":"Fisica II","nota":3},{"nombre":"Inglés III","nota":5.6},{"nombre":"Fisica I","nota":1.4},{"nombre":"Historia I","nota":1.6}]},{"_id":"par01estid085","nombre":"Mariana","apellido":"Rodriguez","altura":1.8,"cursos":[{"nombre":"Inglés II","nota":6.1},{"nombre":"Fisica II","nota":2},{"nombre":"Química II","nota":1.9},{"nombre":"Matemáticas III","nota":5},{"nombre":"Matemáticas III","nota":5.1}]},{"_id":"par01estid086","nombre":"Luis","apellido":"Ramirez","altura":1.8,"cursos":[{"nombre":"Química II","nota":0.9},{"nombre":"Ciencia III","nota":5.1},{"nombre":"Química III","nota":5.8}]},{"_id":"par01estid087","nombre":"Cristian","apellido":"Martinez","altura":1.9,"cursos":[{"nombre":"Química II","nota":3.4},{"nombre":"Sociales II","nota":4.3},{"nombre":"Ciencia I","nota":3.5},{"nombre":"Fisica III","nota":1.6},{"nombre":"Sociales II","nota":5.2}]},{"_id":"par01estid088","nombre":"Cristian","apellido":"Fernandez","altura":1.5,"cursos":[{"nombre":"Matemáticas I","nota":0.5},{"nombre":"Matemáticas II","nota":1.1},{"nombre":"Fisica I","nota":1.1},{"nombre":"Ciencia II","nota":3.9},{"nombre":"Sociales II","nota":3},{"nombre":"Ciencia I","nota":1.8}]},{"_id":"par01estid089","nombre":"Daniel","apellido":"Ramirez","altura":1.7,"cursos":[{"nombre":"Castellano I","nota":2.2},{"nombre":"Ciencia II","nota":4.2},{"nombre":"Inglés II","nota":0.3},{"nombre":"Historia II","nota":0.9},{"nombre":"Ciencia III","nota":1.5},{"nombre":"Inglés II","nota":5.3},{"nombre":"Inglés II","nota":1}]},{"_id":"par01estid090","nombre":"Alejanda","apellido":"Fernandez","altura":1.5,"cursos":[{"nombre":"Historia II","nota":4.7},{"nombre":"Química II","nota":1.6},{"nombre":"Ciencia III","nota":3.6}]},{"_id":"par01estid091","nombre":"Daniel","apellido":"Ramirez","altura":1.6,"cursos":[{"nombre":"Sociales III","nota":5.7},{"nombre":"Inglés III","nota":3.7},{"nombre":"Castellano II","nota":0.1},{"nombre":"Castellano III","nota":4.8},{"nombre":"Historia III","nota":6.2},{"nombre":"Química II","nota":2},{"nombre":"Historia II","nota":0.7}]},{"_id":"par01estid092","nombre":"Alison","apellido":"Lopez","altura":1.5,"cursos":[{"nombre":"Castellano III","nota":2.9},{"nombre":"Matemáticas III","nota":1.4},{"nombre":"Matemáticas I","nota":1.8}]},{"_id":"par01estid093","nombre":"Daniel","apellido":"Fernandez","altura":1.7,"cursos":[{"nombre":"Sociales III","nota":4.1},{"nombre":"Química III","nota":4.4},{"nombre":"Historia III","nota":4.3},{"nombre":"Ciencia I","nota":4.3},{"nombre":"Ciencia II","nota":3.3},{"nombre":"Matemáticas I","nota":2.3},{"nombre":"Química II","nota":0.5}]},{"_id":"par01estid094","nombre":"Alison","apellido":"Ramirez","altura":1.8,"cursos":[{"nombre":"Sociales I","nota":0.3},{"nombre":"Sociales II","nota":5.3},{"nombre":"Química I","nota":0.2},{"nombre":"Sociales III","nota":0.5}]},{"_id":"par01estid095","nombre":"Juan","apellido":"Gomez","altura":1.7,"cursos":[{"nombre":"Castellano I","nota":2.5},{"nombre":"Castellano II","nota":5.8},{"nombre":"Ciencia I","nota":2.3},{"nombre":"Castellano III","nota":3.1}]},{"_id":"par01estid096","nombre":"Nicolas","apellido":"Gomez","altura":1.9,"cursos":[{"nombre":"Historia II","nota":3.3},{"nombre":"Historia II","nota":4.9},{"nombre":"Ciencia III","nota":1.5},{"nombre":"Matemáticas III","nota":3.3},{"nombre":"Química I","nota":3.8}]},{"_id":"par01estid097","nombre":"Alison","apellido":"Lopez","altura":1.6,"cursos":[{"nombre":"Fisica III","nota":0.8},{"nombre":"Fisica I","nota":0.8},{"nombre":"Sociales II","nota":1.5},{"nombre":"Matemáticas III","nota":3.8},{"nombre":"Fisica I","nota":3.6},{"nombre":"Fisica III","nota":0.8},{"nombre":"Sociales III","nota":4}]},{"_id":"par01estid098","nombre":"María","apellido":"Lopez","altura":1.6,"cursos":[{"nombre":"Fisica I","nota":5},{"nombre":"Matemáticas I","nota":2.2},{"nombre":"Castellano III","nota":2.2}]},{"_id":"par01estid099","nombre":"Alberto","apellido":"Ramirez","altura":1.5,"cursos":[{"nombre":"Matemáticas III","nota":5.4},{"nombre":"Sociales I","nota":4.4},{"nombre":"Química III","nota":1.4},{"nombre":"Sociales III","nota":5.9},{"nombre":"Fisica II","nota":1.8}]},{"_id":"par01estid100","nombre":"Alejanda","apellido":"Gonzalez","altura":1.8,"cursos":[{"nombre":"Sociales II","nota":4.2},{"nombre":"Fisica I","nota":2.5},{"nombre":"Química I","nota":6},{"nombre":"Ciencia III","nota":5.3},{"nombre":"Ciencia II","nota":0.9},{"nombre":"Fisica I","nota":2.4}]},{"_id":"par01estid101","nombre":"Alberto","apellido":"Martinez","altura":1.6,"cursos":[{"nombre":"Castellano I","nota":3.1},{"nombre":"Historia II","nota":2.2},{"nombre":"Fisica I","nota":1.1},{"nombre":"Química II","nota":1.7},{"nombre":"Química II","nota":4.1},{"nombre":"Fisica I","nota":2.1},{"nombre":"Fisica II","nota":5.6}]},{"_id":"par01estid102","nombre":"Francisco","apellido":"Hernandez","altura":1.5,"cursos":[{"nombre":"Historia III","nota":5},{"nombre":"Matemáticas III","nota":4.8},{"nombre":"Historia I","nota":6}]},{"_id":"par01estid103","nombre":"Nicolas","apellido":"Gonzalez","altura":1.8,"cursos":[{"nombre":"Historia III","nota":2},{"nombre":"Inglés I","nota":3},{"nombre":"Inglés III","nota":4.3}]},{"_id":"par01estid104","nombre":"María","apellido":"Hernandez","altura":1.9,"cursos":[{"nombre":"Sociales III","nota":0},{"nombre":"Historia I","nota":4.8},{"nombre":"Matemáticas III","nota":3.8},{"nombre":"Inglés I","nota":4},{"nombre":"Castellano I","nota":4.6},{"nombre":"Historia III","nota":2}]},{"_id":"par01estid105","nombre":"Cristian","apellido":"Lopez","altura":1.6,"cursos":[{"nombre":"Fisica III","nota":4.7},{"nombre":"Ciencia I","nota":0.9},{"nombre":"Castellano III","nota":4.6},{"nombre":"Química I","nota":3.6},{"nombre":"Fisica III","nota":3.5},{"nombre":"Matemáticas I","nota":2.6},{"nombre":"Ciencia III","nota":0.5}]},{"_id":"par01estid106","nombre":"Francisco","apellido":"Lopez","altura":1.5,"cursos":[{"nombre":"Matemáticas III","nota":1.6},{"nombre":"Ciencia I","nota":4.5},{"nombre":"Castellano I","nota":3.7},{"nombre":"Química II","nota":3.3},{"nombre":"Historia II","nota":2.9}]},{"_id":"par01estid107","nombre":"Daniel","apellido":"Rodriguez","altura":1.5,"cursos":[{"nombre":"Castellano I","nota":4.9},{"nombre":"Química I","nota":2.8},{"nombre":"Inglés III","nota":2},{"nombre":"Inglés I","nota":0.9},{"nombre":"Inglés III","nota":1.2},{"nombre":"Matemáticas II","nota":5.5},{"nombre":"Ciencia I","nota":5.5}]},{"_id":"par01estid108","nombre":"Daniel","apellido":"Martinez","altura":1.7,"cursos":[{"nombre":"Química II","nota":3.2},{"nombre":"Historia III","nota":6.2},{"nombre":"Química III","nota":3.4},{"nombre":"Fisica I","nota":5}]},{"_id":"par01estid109","nombre":"Francisco","apellido":"Fernandez","altura":1.5,"cursos":[{"nombre":"Ciencia I","nota":0.2},{"nombre":"Matemáticas II","nota":4.4},{"nombre":"Ciencia III","nota":4.3},{"nombre":"Fisica II","nota":1.2},{"nombre":"Química III","nota":2.8},{"nombre":"Sociales I","nota":4.8},{"nombre":"Sociales I","nota":3.4}]},{"_id":"par01estid110","nombre":"Juan","apellido":"Gonzalez","altura":1.7,"cursos":[{"nombre":"Química III","nota":0.1},{"nombre":"Inglés II","nota":0.8},{"nombre":"Inglés I","nota":0.1},{"nombre":"Historia III","nota":0.8},{"nombre":"Matemáticas II","nota":5.6}]},{"_id":"par01estid111","nombre":"Nicolas","apellido":"Fernandez","altura":1.6,"cursos":[{"nombre":"Sociales I","nota":5.1},{"nombre":"Matemáticas III","nota":6.1},{"nombre":"Castellano III","nota":0.6},{"nombre":"Fisica II","nota":3.4},{"nombre":"Fisica III","nota":3.8},{"nombre":"Castellano II","nota":4.4}]},{"_id":"par01estid112","nombre":"Juan","apellido":"Martinez","altura":1.6,"cursos":[{"nombre":"Matemáticas III","nota":5.6},{"nombre":"Matemáticas III","nota":3},{"nombre":"Fisica III","nota":1.5}]},{"_id":"par01estid113","nombre":"Alejanda","apellido":"Fernandez","altura":1.5,"cursos":[{"nombre":"Fisica II","nota":2.2},{"nombre":"Matemáticas II","nota":3.1},{"nombre":"Química II","nota":1.6},{"nombre":"Castellano III","nota":5.6},{"nombre":"Inglés II","nota":1.8},{"nombre":"Historia II","nota":1.9},{"nombre":"Fisica II","nota":5.4}]},{"_id":"par01estid114","nombre":"Luis","apellido":"Lopez","altura":1.5,"cursos":[{"nombre":"Ciencia II","nota":5.2},{"nombre":"Química II","nota":1.3},{"nombre":"Historia I","nota":2.6},{"nombre":"Historia I","nota":4.9},{"nombre":"Fisica I","nota":2.4},{"nombre":"Química II","nota":2},{"nombre":"Inglés I","nota":2.1}]},{"_id":"par01estid115","nombre":"Alejanda","apellido":"Ramirez","altura":1.4,"cursos":[{"nombre":"Sociales I","nota":3.5},{"nombre":"Matemáticas II","nota":0.3},{"nombre":"Química II","nota":4.6},{"nombre":"Inglés II","nota":3.7},{"nombre":"Química III","nota":1.2},{"nombre":"Sociales III","nota":0.5}]},{"_id":"par01estid116","nombre":"María","apellido":"Martinez","altura":1.5,"cursos":[{"nombre":"Fisica II","nota":5.7},{"nombre":"Matemáticas I","nota":4.9},{"nombre":"Química II","nota":3.8},{"nombre":"Fisica II","nota":5.1},{"nombre":"Ciencia II","nota":1.2},{"nombre":"Ciencia II","nota":0.9},{"nombre":"Ciencia I","nota":2.1}]},{"_id":"par01estid117","nombre":"Alison","apellido":"Gonzalez","altura":1.8,"cursos":[{"nombre":"Sociales I","nota":4.1},{"nombre":"Castellano II","nota":2.9},{"nombre":"Inglés III","nota":1.5}]},{"_id":"par01estid118","nombre":"Cristian","apellido":"Ramirez","altura":1.6,"cursos":[{"nombre":"Ciencia I","nota":6.1},{"nombre":"Castellano I","nota":4.3},{"nombre":"Química I","nota":5},{"nombre":"Castellano II","nota":2.6},{"nombre":"Historia II","nota":4.3}]},{"_id":"par01estid119","nombre":"Cristian","apellido":"Gonzalez","altura":1.8,"cursos":[{"nombre":"Fisica III","nota":0.6},{"nombre":"Historia III","nota":0.2},{"nombre":"Química I","nota":0.6},{"nombre":"Fisica III","nota":6},{"nombre":"Sociales II","nota":2.9}]},{"_id":"par01estid120","nombre":"María","apellido":"Hernandez","altura":1.7,"cursos":[{"nombre":"Matemáticas III","nota":6},{"nombre":"Inglés I","nota":0.3},{"nombre":"Inglés I","nota":1.2},{"nombre":"Historia III","nota":3.5}]},{"_id":"par01estid121","nombre":"Alejanda","apellido":"Ramirez","altura":1.8,"cursos":[{"nombre":"Inglés I","nota":2.2},{"nombre":"Inglés II","nota":0.1},{"nombre":"Historia III","nota":1.6}]},{"_id":"par01estid122","nombre":"María","apellido":"Gomez","altura":1.5,"cursos":[{"nombre":"Inglés III","nota":4.5},{"nombre":"Castellano II","nota":0.4},{"nombre":"Castellano II","nota":3.7},{"nombre":"Inglés I","nota":2},{"nombre":"Fisica I","nota":0.1},{"nombre":"Castellano I","nota":0.1},{"nombre":"Inglés II","nota":4.8}]},{"_id":"par01estid123","nombre":"María","apellido":"Martinez","altura":1.8,"cursos":[{"nombre":"Matemáticas III","nota":6},{"nombre":"Sociales III","nota":5.4},{"nombre":"Matemáticas II","nota":1.4},{"nombre":"Fisica III","nota":3.3},{"nombre":"Historia III","nota":0.1},{"nombre":"Historia II","nota":3.4},{"nombre":"Sociales III","nota":2.7}]},{"_id":"par01estid124","nombre":"Nicolas","apellido":"Fernandez","altura":1.5,"cursos":[{"nombre":"Ciencia III","nota":1.9},{"nombre":"Fisica I","nota":0},{"nombre":"Química II","nota":6},{"nombre":"Historia II","nota":4.6},{"nombre":"Fisica II","nota":3.7}]},{"_id":"par01estid125","nombre":"Daniel","apellido":"Rodriguez","altura":1.7,"cursos":[{"nombre":"Historia II","nota":3.1},{"nombre":"Química II","nota":2.9},{"nombre":"Castellano I","nota":6.1},{"nombre":"Sociales I","nota":5.8},{"nombre":"Castellano I","nota":3.5},{"nombre":"Fisica III","nota":0.1}]},{"_id":"par01estid126","nombre":"Luis","apellido":"Martinez","altura":1.7,"cursos":[{"nombre":"Historia I","nota":5.6},{"nombre":"Historia I","nota":3.9},{"nombre":"Castellano I","nota":1.3},{"nombre":"Castellano I","nota":0.3},{"nombre":"Matemáticas III","nota":5.1},{"nombre":"Historia I","nota":4.2},{"nombre":"Química III","nota":3.6}]},{"_id":"par01estid127","nombre":"Alberto","apellido":"Rodriguez","altura":1.5,"cursos":[{"nombre":"Ciencia II","nota":1.7},{"nombre":"Castellano III","nota":1.5},{"nombre":"Fisica II","nota":2.3}]}]